ref_id,block_id,field_name,match_type,context_snippet,is_risk
cedaf28c5080501d4bdf7ff7506f5e50,7548128b44ef082d0e65d039520faa21,account_segment,var_alias (catalog_item),catalog_item.account_segment,False
cedaf28c5080501d4bdf7ff7506f5e50,7548128b44ef082d0e65d039520faa21,account_segment,var_alias (catalog_item),catalog_item.account_segment,False
43b6744fa5cf0e207c244e7d98b26326,56189dbbc533812be2033dbe0482f1a1,account_segment,var_alias (catalog_item),catalog_item.account_segment,False
c108487774ec5a81c8761b8c205512a6,56189dbbc533812be2033dbe0482f1a1,parent_account_employee_count,var_alias (catalog_item),catalog_item.parent_account_employee_count,False
df8118c123c101793d61441c41f05395,56189dbbc533812be2033dbe0482f1a1,products_purchased,var_alias (catalog_item),catalog_item.products_purchased,False
e87afacd4d7ac01b1c3d4872aa5beb59,7e191e4a31882ec6db06139dd6d3b06a,account_segment,var_alias (catalog_item),catalog_item.account_segment,False
80364501e357a548e4227ff0223ff772,7e191e4a31882ec6db06139dd6d3b06a,products_purchased,var_alias (catalog_item),catalog_item.products_purchased,False
5ac1e536540784302ead4ddf1a3fefce,38e1af4690c2b3a286131dca061a2487,account_segment,var_alias (catalog_item),catalog_item.account_segment,False
6ae917fe78594dcd98db5b4f81f53c1b,9b8c354faf298dd4069e40ad8f258456,account_segment,var_alias (catalog_item),catalog_item.account_segment,False
4207ab6992c840cdf36b5fe28b9ab200,9b8c354faf298dd4069e40ad8f258456,products_purchased,var_alias (catalog_item),catalog_item.products_purchased,False
2edeae2b6b452640a28cb3bffcd8a506,59fcfdd113f5d1a59b85ba486c1ea9d8,account_segment,var_alias (catalog_item),catalog_item.account_segment,False
d82d645cd47b46af6830cd9fb21952a2,59fcfdd113f5d1a59b85ba486c1ea9d8,products_purchased,var_alias (catalog_item),catalog_item.products_purchased,False
c47fc37f58c52bbab258da2486acc755,59fcfdd113f5d1a59b85ba486c1ea9d8,restaurant_type,var_alias (catalog_item),catalog_item.restaurant_type,False
49f99ba4b9456b4f698b8c9069e9bd5b,800231e1d540b5a796dcf477a263c6e1,account_segment,var_alias (catalog_item),catalog_item.account_segment,False
24ad1116eaa45e27e76a336f1a142755,800231e1d540b5a796dcf477a263c6e1,products_purchased,var_alias (catalog_item),catalog_item.products_purchased,False
5c34ea3e5c0cba411c25b871c10e9f81,0e5327fb11082e0cf13d8fccc27779c9,account_segment,var_alias (catalog_item),catalog_item.account_segment,False
bafdc1bdb6577e924a0e55f98fad9031,1d21dca5f961b1f6b8100d3d27c064e1,account_segment,var_alias (catalog_item),catalog_item.account_segment,False
d214b86a0daff75a54c45965daf8e188,1d21dca5f961b1f6b8100d3d27c064e1,products_purchased,var_alias (catalog_item),catalog_item.products_purchased,False
c3bf96f0e3f942aad74d10ab3a3fba6d,1d21dca5f961b1f6b8100d3d27c064e1,restaurant_type,var_alias (catalog_item),catalog_item.restaurant_type,False
c601dd7d36852e025f45d2d6c6402ac1,eb9397d1dfef5b1395bd8017370e82db,account_segment,var_alias (catalog_item),catalog_item.account_segment,False
c0a92ec06f9b0dc5e098c1d6a8d788e0,eb9397d1dfef5b1395bd8017370e82db,products_purchased,var_alias (catalog_item),catalog_item.products_purchased,False
28cbf3863e97b615042f4060d0ff72c8,eb9397d1dfef5b1395bd8017370e82db,restaurant_type,var_alias (catalog_item),catalog_item.restaurant_type,False
04d80b6ca8aa34368be4bbe2b11202a8,f4a327d0070272cafa38b26e7417f14c,go_live_date,var_alias (catalog_item),catalog_item.go_live_date,False
593aa38f9dfc79ceb6762b91ccc1ec0e,fd5a40c8c39ac945fb567fdb8a657d74,go_live_date,var_alias (catalog_item),catalog_item.go_live_date,False
593aa38f9dfc79ceb6762b91ccc1ec0e,fd5a40c8c39ac945fb567fdb8a657d74,go_live_date,var_alias (catalog_item),catalog_item.go_live_date,False
593aa38f9dfc79ceb6762b91ccc1ec0e,fd5a40c8c39ac945fb567fdb8a657d74,go_live_date,var_alias (catalog_item),catalog_item.go_live_date,False
3544c3411efe7294c50c2d280e8a12b0,fd5a40c8c39ac945fb567fdb8a657d74,account_segment,var_alias (catalog_item),catalog_item.account_segment,False
3b597fc69fddd926773a89016a66339b,fd5a40c8c39ac945fb567fdb8a657d74,tickets_first_30_days,var_alias (catalog_item),catalog_item.tickets_first_30_days,False
1d6f07ced35c86696c7444186c166d0b,33dc22f4c37b74d16609a5c1aeafcbb9,go_live_date,var_alias (catalog_item),catalog_item.go_live_date,False
1d6f07ced35c86696c7444186c166d0b,33dc22f4c37b74d16609a5c1aeafcbb9,go_live_date,var_alias (catalog_item),catalog_item.go_live_date,False
7f1b49965c4d018b5849522af71b2177,33dc22f4c37b74d16609a5c1aeafcbb9,tickets_first_30_days,var_alias (catalog_item),catalog_item.tickets_first_30_days,False
c2deded8375eb1fbdb60754bbdc4c394,33dc22f4c37b74d16609a5c1aeafcbb9,account_segment,var_alias (catalog_item),catalog_item.account_segment,False
1d6f07ced35c86696c7444186c166d0b,33dc22f4c37b74d16609a5c1aeafcbb9,go_live_date,var_alias (catalog_item),catalog_item.go_live_date,False
8a94c235b606edbe724bff530e1580ce,88266396f8db707ec55fc5f5dc722f94,go_live_date,var_alias (catalog_item),catalog_item.go_live_date,False
8a94c235b606edbe724bff530e1580ce,88266396f8db707ec55fc5f5dc722f94,go_live_date,var_alias (catalog_item),catalog_item.go_live_date,False
7cde5e8d33768ab1773180211f6d767f,88266396f8db707ec55fc5f5dc722f94,marketing_activation_date,var_alias (catalog_item),catalog_item.marketing_activation_date,False
7cde5e8d33768ab1773180211f6d767f,88266396f8db707ec55fc5f5dc722f94,marketing_activation_date,var_alias (catalog_item),catalog_item.marketing_activation_date,False
d77eed00b1f4fbbe2d3e0e56127c72c7,88266396f8db707ec55fc5f5dc722f94,rma_requests_last_30_days,var_alias (catalog_item),catalog_item.rma_requests_last_30_days,False
8a94c235b606edbe724bff530e1580ce,88266396f8db707ec55fc5f5dc722f94,go_live_date,var_alias (catalog_item),catalog_item.go_live_date,False
174d759ed578ad93d39da442143b0be7,88266396f8db707ec55fc5f5dc722f94,has_kds,var_alias (catalog_item),catalog_item.has_kds,False
7cde5e8d33768ab1773180211f6d767f,88266396f8db707ec55fc5f5dc722f94,marketing_activation_date,var_alias (catalog_item),catalog_item.marketing_activation_date,False
511d800f44e1e2b862b0b811becf7653,ed486e7316566525e9b809aa5cb37c6d,go_live_date,var_alias (catalog_item),catalog_item.go_live_date,False
511d800f44e1e2b862b0b811becf7653,ed486e7316566525e9b809aa5cb37c6d,go_live_date,var_alias (catalog_item),catalog_item.go_live_date,False
be33bcf494e6b08416396f0eec98c3b4,ed486e7316566525e9b809aa5cb37c6d,tickets_first_30_days,var_alias (catalog_item),catalog_item.tickets_first_30_days,False
511d800f44e1e2b862b0b811becf7653,ed486e7316566525e9b809aa5cb37c6d,go_live_date,var_alias (catalog_item),catalog_item.go_live_date,False
63737efef33cca303daf5210a59430bc,ed486e7316566525e9b809aa5cb37c6d,account_segment,var_alias (catalog_item),catalog_item.account_segment,False
9cc0b99cdb381c3ba4390f44714fa3f1,2f9fd220021b36ef1f9a549899607ca2,has_toast_tables,var_alias (c),c.has_toast_tables,False
1e96949c8f2dd37841ffcdf6790bc62a,2f9fd220021b36ef1f9a549899607ca2,has_kds,var_alias (c),c.has_kds,False
28fd32ef37af3f7ff45e981df98a4457,2f9fd220021b36ef1f9a549899607ca2,has_online_ordering,var_alias (c),c.has_online_ordering,True
64a6d1d06fb6dcf4c8db4a9f14c7cdcd,2f9fd220021b36ef1f9a549899607ca2,parent_account_employee_count,var_alias (c),c.parent_account_employee_count,False
3e901f5dd2ca4b7aa039e558c50119c6,2f9fd220021b36ef1f9a549899607ca2,tds_orders_last_30_days,var_alias (c),c.tds_orders_last_30_days,False
a57050e42b63167bb00b2719e5d24999,2f9fd220021b36ef1f9a549899607ca2,tds_volume_last_30_days,var_alias (c),c.tds_volume_last_30_days,False
51fcb9bf50fa94d63da72a51718a1b7e,2f9fd220021b36ef1f9a549899607ca2,go_live_date,var_alias (c),c.go_live_date,False
c4586aa658447caf29db09667460805f,b4eabed268c6342787cb418892de9b1d,go_live_date,var_alias (catalog_item),catalog_item.go_live_date,False
c4586aa658447caf29db09667460805f,b4eabed268c6342787cb418892de9b1d,go_live_date,var_alias (catalog_item),catalog_item.go_live_date,False
3d00ce1b7ad4c584df99be10e9400976,b4eabed268c6342787cb418892de9b1d,tickets_first_30_days,var_alias (catalog_item),catalog_item.tickets_first_30_days,False
79d771ea06c849d2db98b5b2201a1df7,b4eabed268c6342787cb418892de9b1d,account_segment,var_alias (catalog_item),catalog_item.account_segment,False
c4586aa658447caf29db09667460805f,b4eabed268c6342787cb418892de9b1d,go_live_date,var_alias (catalog_item),catalog_item.go_live_date,False
e7d8ed99f8d559d4e80e42fa0b3b6b4e,2e8cc0e56cbd131c7163d8adc386752e,account_segment,var_alias (catalog_item),catalog_item.account_segment,False
1b15d0930909af2f2542c395f606b249,ceef1eabd7872d3242b8c88043b01897,account_segment,var_alias (catalog_item),catalog_item.account_segment,False
3f1374c759f7d5492352c59027d1bee1,04a6a3c17bdc3e41846065e8cc8f7a15,account_segment,var_alias (catalog_item),catalog_item.account_segment,False
0780aab96f9f936810a03c84de5f45bf,bde46a25f999b10c910711c162c8d795,go_live_date,var_alias (catalog_item),catalog_item.go_live_date,False
0780aab96f9f936810a03c84de5f45bf,bde46a25f999b10c910711c162c8d795,go_live_date,var_alias (catalog_item),catalog_item.go_live_date,False
07c52a17727cfa08899a9e0943e4cc05,bde46a25f999b10c910711c162c8d795,tickets_first_30_days,var_alias (catalog_item),catalog_item.tickets_first_30_days,False
a129ce073c6396371bdce30ab7f94707,bde46a25f999b10c910711c162c8d795,account_segment,var_alias (catalog_item),catalog_item.account_segment,False
0780aab96f9f936810a03c84de5f45bf,bde46a25f999b10c910711c162c8d795,go_live_date,var_alias (catalog_item),catalog_item.go_live_date,False
52276fd2107f1defa873a3a6e8d6f0f4,7c5063232f9828a98b1efecb80fc01fe,go_live_date,var_alias (catalog_item),catalog_item.go_live_date,False
52276fd2107f1defa873a3a6e8d6f0f4,7c5063232f9828a98b1efecb80fc01fe,go_live_date,var_alias (catalog_item),catalog_item.go_live_date,False
39ca8eaab5bfd3c63c42e936bfedefc1,7c5063232f9828a98b1efecb80fc01fe,tickets_first_30_days,var_alias (catalog_item),catalog_item.tickets_first_30_days,False
65f075190b0f8dcaebeb37b8581f646c,7c5063232f9828a98b1efecb80fc01fe,account_segment,var_alias (catalog_item),catalog_item.account_segment,False
52276fd2107f1defa873a3a6e8d6f0f4,7c5063232f9828a98b1efecb80fc01fe,go_live_date,var_alias (catalog_item),catalog_item.go_live_date,False
d4ae0850642b400e0dc575f9da2ab203,d84bb941579ef3dea5f0154f58fbe97a,go_live_date,var_alias (catalog_item),catalog_item.go_live_date,False
d4ae0850642b400e0dc575f9da2ab203,d84bb941579ef3dea5f0154f58fbe97a,go_live_date,var_alias (catalog_item),catalog_item.go_live_date,False
7d2a5e19f4f87a6d23507cdad51227a1,d84bb941579ef3dea5f0154f58fbe97a,tickets_first_30_days,var_alias (catalog_item),catalog_item.tickets_first_30_days,False
df73f17a138e87d6f3fc7b81339e6a7a,d84bb941579ef3dea5f0154f58fbe97a,account_segment,var_alias (catalog_item),catalog_item.account_segment,False
d4ae0850642b400e0dc575f9da2ab203,d84bb941579ef3dea5f0154f58fbe97a,go_live_date,var_alias (catalog_item),catalog_item.go_live_date,False
769499d2efee040ca1db1dc590d2669a,361b67de4600dfa9e9476379cca27cc6,go_live_date,var_alias (catalog_item),catalog_item.go_live_date,False
769499d2efee040ca1db1dc590d2669a,361b67de4600dfa9e9476379cca27cc6,go_live_date,var_alias (catalog_item),catalog_item.go_live_date,False
ce97008454a1edd666f98c6ec89c9fe7,361b67de4600dfa9e9476379cca27cc6,tickets_last_30_days,var_alias (catalog_item),catalog_item.tickets_last_30_days,False
34279f5dc759db5e779fd7d8597b434f,361b67de4600dfa9e9476379cca27cc6,account_segment,var_alias (catalog_item),catalog_item.account_segment,False
769499d2efee040ca1db1dc590d2669a,361b67de4600dfa9e9476379cca27cc6,go_live_date,var_alias (catalog_item),catalog_item.go_live_date,False
769499d2efee040ca1db1dc590d2669a,361b67de4600dfa9e9476379cca27cc6,go_live_date,var_alias (catalog_item),catalog_item.go_live_date,False
c933ade2eb5e187427407928083604b3,c03fb00514be23a4a631032f10a39aeb,location_guid,where_clause,"where: ""location_guid""",True
253fd07013dbd34bd4ae9899dbe02605,6e644063498af65819cf8b6ae4022a28,location_guid,where_clause,"where: ""location_guid""",True
2c75a26bad4e45f198d3d89604f389c8,2fba6a83c7201a7cacccc1ced48c399c,go_live_date,var_alias (catalog_item),catalog_item.go_live_date,False
2c75a26bad4e45f198d3d89604f389c8,2fba6a83c7201a7cacccc1ced48c399c,go_live_date,var_alias (catalog_item),catalog_item.go_live_date,False
cea2d6159e8b990fa1ea241595805082,2fba6a83c7201a7cacccc1ced48c399c,tickets_last_30_days,var_alias (catalog_item),catalog_item.tickets_last_30_days,False
b008351306c0e05137797dd9eb967b3f,2fba6a83c7201a7cacccc1ced48c399c,account_segment,var_alias (catalog_item),catalog_item.account_segment,False
2c75a26bad4e45f198d3d89604f389c8,2fba6a83c7201a7cacccc1ced48c399c,go_live_date,var_alias (catalog_item),catalog_item.go_live_date,False
2c75a26bad4e45f198d3d89604f389c8,2fba6a83c7201a7cacccc1ced48c399c,go_live_date,var_alias (catalog_item),catalog_item.go_live_date,False
c7ac830e0309dfc0df982cdfd266f7b7,598044ce86a77c5a488349be5a5e1157,churn_date,var_alias (catalog_item),catalog_item.churn_date,False
6cf4c61583738b587a8f409090d44d05,598044ce86a77c5a488349be5a5e1157,oo_first_order_date,var_alias (catalog_item),catalog_item.oo_first_order_date,False
7310497a8025b32c6bd71063c956b252,7f6c80f39d4e55859a3cb91a1f76fd0f,churn_date,var_alias (catalog_item),catalog_item.churn_date,False
91680c9b5dd986359387f8ec847df786,e37121efc9ab2f6409cf27e7659f3d16,churn_date,var_alias (catalog_item),catalog_item.churn_date,False
2cf5f7f71eef15cb9e91c9d2d06c77ff,e37121efc9ab2f6409cf27e7659f3d16,go_live_date,var_alias (catalog_item),catalog_item.go_live_date,False
fb0bce77b38dd9ce5ba6923622ef347f,d242fdc6e921d41d18accd3f20a8080e,toast_websites_activation_date,var_alias (catalog_item),catalog_item.toast_websites_activation_date,False
731944193b94b48e13bf3e4a491038e8,645715377602dac496b85dd80708fafa,tickets_last_30_days,var_alias (catalog_item),catalog_item.tickets_last_30_days,False
4853854d02e779d4f2282a691ca74367,645715377602dac496b85dd80708fafa,account_segment,var_alias (catalog_item),catalog_item.account_segment,False
bc81a4781939d1c258f06e47e89d4efd,645715377602dac496b85dd80708fafa,go_live_date,var_alias (catalog_item),catalog_item.go_live_date,False
058ea36360abfc94669a37e30a0ae08f,582f7e198d1e5668b207888582a7afb6,go_live_date,var_alias (catalog_item),catalog_item.go_live_date,False
058ea36360abfc94669a37e30a0ae08f,582f7e198d1e5668b207888582a7afb6,go_live_date,var_alias (catalog_item),catalog_item.go_live_date,False
38d9fd7d0eecbdae2abee73fe13e1f51,582f7e198d1e5668b207888582a7afb6,tickets_last_30_days,var_alias (catalog_item),catalog_item.tickets_last_30_days,False
ba2dd0b0827bb47b766e599e987c2a9b,582f7e198d1e5668b207888582a7afb6,business_unit,var_alias (catalog_item),catalog_item.business_unit,False
9ed7a3477928f85b0d6d18d7fc8d071f,582f7e198d1e5668b207888582a7afb6,account_segment,var_alias (catalog_item),catalog_item.account_segment,False
058ea36360abfc94669a37e30a0ae08f,582f7e198d1e5668b207888582a7afb6,go_live_date,var_alias (catalog_item),catalog_item.go_live_date,False
d5fdaab96d6e7a1eac1ac5790386239b,582f7e198d1e5668b207888582a7afb6,country_code,var_alias (catalog_item),catalog_item.country_code,False
1ffd575d1dea010db62e53774f8c7212,fb932bd845c2ee8c5376a0ee8baa7b74,location_guid,where_clause,"where: ""location_guid""",True
1ffd575d1dea010db62e53774f8c7212,fb932bd845c2ee8c5376a0ee8baa7b74,location_guid,where_clause,"where: ""location_guid""",True
723bf18e4f32003f8e1746465e92ec47,fb932bd845c2ee8c5376a0ee8baa7b74,go_live_date,var_alias (catalog_item),catalog_item.go_live_date,False
723bf18e4f32003f8e1746465e92ec47,fb932bd845c2ee8c5376a0ee8baa7b74,go_live_date,var_alias (catalog_item),catalog_item.go_live_date,False
37b68e26dc9effbc6a7a616959a72206,fb932bd845c2ee8c5376a0ee8baa7b74,branded_mobile_app_purchased_date,var_alias (catalog_item),catalog_item.branded_mobile_app_purchased_date,False
37b68e26dc9effbc6a7a616959a72206,fb932bd845c2ee8c5376a0ee8baa7b74,branded_mobile_app_purchased_date,var_alias (catalog_item),catalog_item.branded_mobile_app_purchased_date,False
17f8527f2caa7b4a2334f76d0b9f358f,fb932bd845c2ee8c5376a0ee8baa7b74,account_segment,var_alias (catalog_item),catalog_item.account_segment,False
9d421df3921dee19fa263b911647d674,fb932bd845c2ee8c5376a0ee8baa7b74,country_code,var_alias (catalog_item),catalog_item.country_code,False
5d81f5ae00e367a08775cc9baa7bf76f,fb932bd845c2ee8c5376a0ee8baa7b74,is_managed,var_alias (catalog_item),catalog_item.is_managed,False
723bf18e4f32003f8e1746465e92ec47,fb932bd845c2ee8c5376a0ee8baa7b74,go_live_date,var_alias (catalog_item),catalog_item.go_live_date,False
37b68e26dc9effbc6a7a616959a72206,fb932bd845c2ee8c5376a0ee8baa7b74,branded_mobile_app_purchased_date,var_alias (catalog_item),catalog_item.branded_mobile_app_purchased_date,False
45840bca1e33271fe0a01f9242198d07,fb932bd845c2ee8c5376a0ee8baa7b74,products_purchased,var_alias (catalog_item),catalog_item.products_purchased,False
82feb9582e165c5352a92c202de1f5d5,fb932bd845c2ee8c5376a0ee8baa7b74,churn_date,var_alias (catalog_item),catalog_item.churn_date,False
723bf18e4f32003f8e1746465e92ec47,fb932bd845c2ee8c5376a0ee8baa7b74,go_live_date,var_alias (catalog_item),catalog_item.go_live_date,False
723bf18e4f32003f8e1746465e92ec47,fb932bd845c2ee8c5376a0ee8baa7b74,go_live_date,var_alias (catalog_item),catalog_item.go_live_date,False
37b68e26dc9effbc6a7a616959a72206,fb932bd845c2ee8c5376a0ee8baa7b74,branded_mobile_app_purchased_date,var_alias (catalog_item),catalog_item.branded_mobile_app_purchased_date,False
37b68e26dc9effbc6a7a616959a72206,fb932bd845c2ee8c5376a0ee8baa7b74,branded_mobile_app_purchased_date,var_alias (catalog_item),catalog_item.branded_mobile_app_purchased_date,False
17f8527f2caa7b4a2334f76d0b9f358f,fb932bd845c2ee8c5376a0ee8baa7b74,account_segment,var_alias (catalog_item),catalog_item.account_segment,False
9d421df3921dee19fa263b911647d674,fb932bd845c2ee8c5376a0ee8baa7b74,country_code,var_alias (catalog_item),catalog_item.country_code,False
5d81f5ae00e367a08775cc9baa7bf76f,fb932bd845c2ee8c5376a0ee8baa7b74,is_managed,var_alias (catalog_item),catalog_item.is_managed,False
723bf18e4f32003f8e1746465e92ec47,fb932bd845c2ee8c5376a0ee8baa7b74,go_live_date,var_alias (catalog_item),catalog_item.go_live_date,False
37b68e26dc9effbc6a7a616959a72206,fb932bd845c2ee8c5376a0ee8baa7b74,branded_mobile_app_purchased_date,var_alias (catalog_item),catalog_item.branded_mobile_app_purchased_date,False
45840bca1e33271fe0a01f9242198d07,fb932bd845c2ee8c5376a0ee8baa7b74,products_purchased,var_alias (catalog_item),catalog_item.products_purchased,False
82feb9582e165c5352a92c202de1f5d5,fb932bd845c2ee8c5376a0ee8baa7b74,churn_date,var_alias (catalog_item),catalog_item.churn_date,False
17f8527f2caa7b4a2334f76d0b9f358f,fb932bd845c2ee8c5376a0ee8baa7b74,account_segment,var_alias (catalog_item),catalog_item.account_segment,False
9d421df3921dee19fa263b911647d674,fb932bd845c2ee8c5376a0ee8baa7b74,country_code,var_alias (catalog_item),catalog_item.country_code,False
5d81f5ae00e367a08775cc9baa7bf76f,fb932bd845c2ee8c5376a0ee8baa7b74,is_managed,var_alias (catalog_item),catalog_item.is_managed,False
723bf18e4f32003f8e1746465e92ec47,fb932bd845c2ee8c5376a0ee8baa7b74,go_live_date,var_alias (catalog_item),catalog_item.go_live_date,False
37b68e26dc9effbc6a7a616959a72206,fb932bd845c2ee8c5376a0ee8baa7b74,branded_mobile_app_purchased_date,var_alias (catalog_item),catalog_item.branded_mobile_app_purchased_date,False
45840bca1e33271fe0a01f9242198d07,fb932bd845c2ee8c5376a0ee8baa7b74,products_purchased,var_alias (catalog_item),catalog_item.products_purchased,False
82feb9582e165c5352a92c202de1f5d5,fb932bd845c2ee8c5376a0ee8baa7b74,churn_date,var_alias (catalog_item),catalog_item.churn_date,False
05be2b729f624499ae0a09a00660c506,3bb0c14695b7d1c7790bd80f756928a1,go_live_date,var_alias (catalog_item),catalog_item.go_live_date,False
05be2b729f624499ae0a09a00660c506,3bb0c14695b7d1c7790bd80f756928a1,go_live_date,var_alias (catalog_item),catalog_item.go_live_date,False
8bfaf19c7505d8a85b45df58a62c2aa6,3bb0c14695b7d1c7790bd80f756928a1,tickets_last_30_days,var_alias (catalog_item),catalog_item.tickets_last_30_days,False
3519179ba84a5dfda9208759bb397a06,3bb0c14695b7d1c7790bd80f756928a1,account_segment,var_alias (catalog_item),catalog_item.account_segment,False
05be2b729f624499ae0a09a00660c506,3bb0c14695b7d1c7790bd80f756928a1,go_live_date,var_alias (catalog_item),catalog_item.go_live_date,False
05be2b729f624499ae0a09a00660c506,3bb0c14695b7d1c7790bd80f756928a1,go_live_date,var_alias (catalog_item),catalog_item.go_live_date,False
f00a83283c7c0644564afb953937d710,e3dfd16ec82fade63accc0db3418a186,tickets_last_30_days,var_alias (catalog_item),catalog_item.tickets_last_30_days,False
9dffe2a00b1359ef85a513ff94675310,e3dfd16ec82fade63accc0db3418a186,account_segment,var_alias (catalog_item),catalog_item.account_segment,False
a53cdd95aff5581b4ab37e20f5aeec02,e3dfd16ec82fade63accc0db3418a186,go_live_date,var_alias (catalog_item),catalog_item.go_live_date,False
237a3514c645e6c4e5d1b32585dd25fd,84e9d5b8da01ab4fddd769718f60555d,oo_activation_date,var_alias (catalog_item),catalog_item.oo_activation_date,False
beb77ee256e55fd24298ddeafd284677,95aacefe5c1e9eb2269119f65b6143dd,tds_first_order_date,var_alias (catalog_item),catalog_item.tds_first_order_date,False
1e35f136ced1782258f841d222105b94,502436d6cb4d10644669c96fc57c583c,go_live_date,var_alias (catalog_item),catalog_item.go_live_date,False
1e35f136ced1782258f841d222105b94,502436d6cb4d10644669c96fc57c583c,go_live_date,var_alias (catalog_item),catalog_item.go_live_date,False
63a1d43ec7e3ff2c0201af4eb3d1cbf4,502436d6cb4d10644669c96fc57c583c,marketing_activation_date,var_alias (catalog_item),catalog_item.marketing_activation_date,False
63a1d43ec7e3ff2c0201af4eb3d1cbf4,502436d6cb4d10644669c96fc57c583c,marketing_activation_date,var_alias (catalog_item),catalog_item.marketing_activation_date,False
6e65b52f6f810813aacda554596ac15a,502436d6cb4d10644669c96fc57c583c,rma_requests_last_30_days,var_alias (catalog_item),catalog_item.rma_requests_last_30_days,False
1e35f136ced1782258f841d222105b94,502436d6cb4d10644669c96fc57c583c,go_live_date,var_alias (catalog_item),catalog_item.go_live_date,False
b10bd710cc9e952e61420d821e50832a,502436d6cb4d10644669c96fc57c583c,has_kds,var_alias (catalog_item),catalog_item.has_kds,False
63a1d43ec7e3ff2c0201af4eb3d1cbf4,502436d6cb4d10644669c96fc57c583c,marketing_activation_date,var_alias (catalog_item),catalog_item.marketing_activation_date,False
de161d4e610fd47538d7d3d4e679bd3c,cf72e9cfa01805ecedf27068ee9c72aa,go_live_date,var_alias (catalog_item),catalog_item.go_live_date,False
de161d4e610fd47538d7d3d4e679bd3c,cf72e9cfa01805ecedf27068ee9c72aa,go_live_date,var_alias (catalog_item),catalog_item.go_live_date,False
e8b090c7e3729a68e5dec8570558e436,cf72e9cfa01805ecedf27068ee9c72aa,marketing_activation_date,var_alias (catalog_item),catalog_item.marketing_activation_date,False
e8b090c7e3729a68e5dec8570558e436,cf72e9cfa01805ecedf27068ee9c72aa,marketing_activation_date,var_alias (catalog_item),catalog_item.marketing_activation_date,False
580277c75770ce71ee68176068e3dfe9,cf72e9cfa01805ecedf27068ee9c72aa,rma_requests_last_30_days,var_alias (catalog_item),catalog_item.rma_requests_last_30_days,False
de161d4e610fd47538d7d3d4e679bd3c,cf72e9cfa01805ecedf27068ee9c72aa,go_live_date,var_alias (catalog_item),catalog_item.go_live_date,False
6e8de736db8ac2482be773f6791639da,cf72e9cfa01805ecedf27068ee9c72aa,has_kds,var_alias (catalog_item),catalog_item.has_kds,False
e8b090c7e3729a68e5dec8570558e436,cf72e9cfa01805ecedf27068ee9c72aa,marketing_activation_date,var_alias (catalog_item),catalog_item.marketing_activation_date,False
3a5b692fd86600bbc54d0cf8dc8869c4,0a7cde5e8f67ff09759e28f1d74f70da,oo_first_order_date,var_alias (catalog_item),catalog_item.oo_first_order_date,False
076f33437ea824023d0f55d9cfcfb5e0,0fb877fff855f0b3b2ee08724fbcfeec,tickets_last_30_days,var_alias (catalog_item),catalog_item.tickets_last_30_days,False
e99a51812bf838705db05d319e99d672,0fb877fff855f0b3b2ee08724fbcfeec,account_segment,var_alias (catalog_item),catalog_item.account_segment,False
46a22ea1bee9715725a112f58b02a914,0fb877fff855f0b3b2ee08724fbcfeec,go_live_date,var_alias (catalog_item),catalog_item.go_live_date,False
c59a9b96f53ab71d1f7801e77c127c14,340c3e9aace62bc5b2ee681746e232f4,go_live_date,var_alias (catalog_item),catalog_item.go_live_date,False
c59a9b96f53ab71d1f7801e77c127c14,340c3e9aace62bc5b2ee681746e232f4,go_live_date,var_alias (catalog_item),catalog_item.go_live_date,False
13383653c0a04a1ce5f32f3d89d499b8,340c3e9aace62bc5b2ee681746e232f4,ads_purchased_date,var_alias (catalog_item),catalog_item.ads_purchased_date,False
13383653c0a04a1ce5f32f3d89d499b8,340c3e9aace62bc5b2ee681746e232f4,ads_purchased_date,var_alias (catalog_item),catalog_item.ads_purchased_date,False
df9c23a05b36dcf40d1a9921015381ac,340c3e9aace62bc5b2ee681746e232f4,is_managed,var_alias (catalog_item),catalog_item.is_managed,False
30525222ed4d3f1c7041eb73d195f2c3,340c3e9aace62bc5b2ee681746e232f4,account_segment,var_alias (catalog_item),catalog_item.account_segment,False
c59a9b96f53ab71d1f7801e77c127c14,340c3e9aace62bc5b2ee681746e232f4,go_live_date,var_alias (catalog_item),catalog_item.go_live_date,False
c59a9b96f53ab71d1f7801e77c127c14,340c3e9aace62bc5b2ee681746e232f4,go_live_date,var_alias (catalog_item),catalog_item.go_live_date,False
13383653c0a04a1ce5f32f3d89d499b8,340c3e9aace62bc5b2ee681746e232f4,ads_purchased_date,var_alias (catalog_item),catalog_item.ads_purchased_date,False
13383653c0a04a1ce5f32f3d89d499b8,340c3e9aace62bc5b2ee681746e232f4,ads_purchased_date,var_alias (catalog_item),catalog_item.ads_purchased_date,False
9617f29ac7099f55cbbd86bfbcc7d2b8,340c3e9aace62bc5b2ee681746e232f4,ads_activation_date,var_alias (catalog_item),catalog_item.ads_activation_date,False
7f8e0b451f2a4110cd59a6da52d0ed35,340c3e9aace62bc5b2ee681746e232f4,country_code,var_alias (catalog_item),catalog_item.country_code,False
17e59c3fd649417fbecea3f48863f81d,8d34b19ac5b6a98f52be4fbfd3257e72,tickets_last_30_days,var_alias (catalog_item),catalog_item.tickets_last_30_days,False
2027cad6bdc0fb9ede411b37b62bb2eb,8d34b19ac5b6a98f52be4fbfd3257e72,account_segment,var_alias (catalog_item),catalog_item.account_segment,False
a0904b8c7a2ca0bcd1c178188c6e1ac4,8d34b19ac5b6a98f52be4fbfd3257e72,go_live_date,var_alias (catalog_item),catalog_item.go_live_date,False
0a30db743ad5407d09e8f2fa868a94c2,fe6781827c80ae821f2248b14bfbf4ff,has_ads,var_alias (catalog_item),catalog_item.has_ads,False
5cadbfca943b60f96c8126a7b95a97dd,3b240fefefead600aa85ff18423b2ce8,go_live_date,var_alias (catalog_item),catalog_item.go_live_date,False
5cadbfca943b60f96c8126a7b95a97dd,3b240fefefead600aa85ff18423b2ce8,go_live_date,var_alias (catalog_item),catalog_item.go_live_date,False
f7809d7196477422581f83b6dab1bb7f,3b240fefefead600aa85ff18423b2ce8,branded_mobile_app_purchased_date,var_alias (catalog_item),catalog_item.branded_mobile_app_purchased_date,False
f7809d7196477422581f83b6dab1bb7f,3b240fefefead600aa85ff18423b2ce8,branded_mobile_app_purchased_date,var_alias (catalog_item),catalog_item.branded_mobile_app_purchased_date,False
1928b660799f7a03e33f1b5ee0c207f8,3b240fefefead600aa85ff18423b2ce8,country_code,var_alias (catalog_item),catalog_item.country_code,False
f02f62eeeecf8da1cabd3da13a3aba3c,3b240fefefead600aa85ff18423b2ce8,is_managed,var_alias (catalog_item),catalog_item.is_managed,False
5cadbfca943b60f96c8126a7b95a97dd,3b240fefefead600aa85ff18423b2ce8,go_live_date,var_alias (catalog_item),catalog_item.go_live_date,False
5cadbfca943b60f96c8126a7b95a97dd,3b240fefefead600aa85ff18423b2ce8,go_live_date,var_alias (catalog_item),catalog_item.go_live_date,False
f7809d7196477422581f83b6dab1bb7f,3b240fefefead600aa85ff18423b2ce8,branded_mobile_app_purchased_date,var_alias (catalog_item),catalog_item.branded_mobile_app_purchased_date,False
8d65b36f96ad1fb1234a99ed3f873033,3b240fefefead600aa85ff18423b2ce8,products_purchased,var_alias (catalog_item),catalog_item.products_purchased,False
9a8e8bb073cf8cdabd93e8e8fbec92bb,3b240fefefead600aa85ff18423b2ce8,churn_date,var_alias (catalog_item),catalog_item.churn_date,False
376246f9ee9fb8305e9b81900f532a1a,4fa19e678b7dbb31f45d1b774160eaa9,location_guid,where_clause,"where: ""location_guid""",True
376246f9ee9fb8305e9b81900f532a1a,4fa19e678b7dbb31f45d1b774160eaa9,location_guid,where_clause,"where: ""location_guid""",True
892e45ee2a0bdaeefb98c3a9a37f0bf5,4fa19e678b7dbb31f45d1b774160eaa9,go_live_date,var_alias (catalog_item),catalog_item.go_live_date,False
892e45ee2a0bdaeefb98c3a9a37f0bf5,4fa19e678b7dbb31f45d1b774160eaa9,go_live_date,var_alias (catalog_item),catalog_item.go_live_date,False
35ce241c86c13fde89add946e221b0b7,4fa19e678b7dbb31f45d1b774160eaa9,branded_mobile_app_purchased_date,var_alias (catalog_item),catalog_item.branded_mobile_app_purchased_date,False
35ce241c86c13fde89add946e221b0b7,4fa19e678b7dbb31f45d1b774160eaa9,branded_mobile_app_purchased_date,var_alias (catalog_item),catalog_item.branded_mobile_app_purchased_date,False
88409e32544489055889cb4ecdc0eafe,4fa19e678b7dbb31f45d1b774160eaa9,account_segment,var_alias (catalog_item),catalog_item.account_segment,False
c3b49ebf67ece644761164e1369909dc,4fa19e678b7dbb31f45d1b774160eaa9,country_code,var_alias (catalog_item),catalog_item.country_code,False
c7797154d79f7aa823a26073cc059ae5,4fa19e678b7dbb31f45d1b774160eaa9,is_managed,var_alias (catalog_item),catalog_item.is_managed,False
892e45ee2a0bdaeefb98c3a9a37f0bf5,4fa19e678b7dbb31f45d1b774160eaa9,go_live_date,var_alias (catalog_item),catalog_item.go_live_date,False
35ce241c86c13fde89add946e221b0b7,4fa19e678b7dbb31f45d1b774160eaa9,branded_mobile_app_purchased_date,var_alias (catalog_item),catalog_item.branded_mobile_app_purchased_date,False
fdc56e361ff2face94e6c583334f01a3,4fa19e678b7dbb31f45d1b774160eaa9,products_purchased,var_alias (catalog_item),catalog_item.products_purchased,False
d73633c3343999df2ec68bcd722b3c07,4fa19e678b7dbb31f45d1b774160eaa9,churn_date,var_alias (catalog_item),catalog_item.churn_date,False
892e45ee2a0bdaeefb98c3a9a37f0bf5,4fa19e678b7dbb31f45d1b774160eaa9,go_live_date,var_alias (catalog_item),catalog_item.go_live_date,False
892e45ee2a0bdaeefb98c3a9a37f0bf5,4fa19e678b7dbb31f45d1b774160eaa9,go_live_date,var_alias (catalog_item),catalog_item.go_live_date,False
35ce241c86c13fde89add946e221b0b7,4fa19e678b7dbb31f45d1b774160eaa9,branded_mobile_app_purchased_date,var_alias (catalog_item),catalog_item.branded_mobile_app_purchased_date,False
35ce241c86c13fde89add946e221b0b7,4fa19e678b7dbb31f45d1b774160eaa9,branded_mobile_app_purchased_date,var_alias (catalog_item),catalog_item.branded_mobile_app_purchased_date,False
88409e32544489055889cb4ecdc0eafe,4fa19e678b7dbb31f45d1b774160eaa9,account_segment,var_alias (catalog_item),catalog_item.account_segment,False
c3b49ebf67ece644761164e1369909dc,4fa19e678b7dbb31f45d1b774160eaa9,country_code,var_alias (catalog_item),catalog_item.country_code,False
c7797154d79f7aa823a26073cc059ae5,4fa19e678b7dbb31f45d1b774160eaa9,is_managed,var_alias (catalog_item),catalog_item.is_managed,False
892e45ee2a0bdaeefb98c3a9a37f0bf5,4fa19e678b7dbb31f45d1b774160eaa9,go_live_date,var_alias (catalog_item),catalog_item.go_live_date,False
35ce241c86c13fde89add946e221b0b7,4fa19e678b7dbb31f45d1b774160eaa9,branded_mobile_app_purchased_date,var_alias (catalog_item),catalog_item.branded_mobile_app_purchased_date,False
fdc56e361ff2face94e6c583334f01a3,4fa19e678b7dbb31f45d1b774160eaa9,products_purchased,var_alias (catalog_item),catalog_item.products_purchased,False
d73633c3343999df2ec68bcd722b3c07,4fa19e678b7dbb31f45d1b774160eaa9,churn_date,var_alias (catalog_item),catalog_item.churn_date,False
88409e32544489055889cb4ecdc0eafe,4fa19e678b7dbb31f45d1b774160eaa9,account_segment,var_alias (catalog_item),catalog_item.account_segment,False
c3b49ebf67ece644761164e1369909dc,4fa19e678b7dbb31f45d1b774160eaa9,country_code,var_alias (catalog_item),catalog_item.country_code,False
c7797154d79f7aa823a26073cc059ae5,4fa19e678b7dbb31f45d1b774160eaa9,is_managed,var_alias (catalog_item),catalog_item.is_managed,False
892e45ee2a0bdaeefb98c3a9a37f0bf5,4fa19e678b7dbb31f45d1b774160eaa9,go_live_date,var_alias (catalog_item),catalog_item.go_live_date,False
35ce241c86c13fde89add946e221b0b7,4fa19e678b7dbb31f45d1b774160eaa9,branded_mobile_app_purchased_date,var_alias (catalog_item),catalog_item.branded_mobile_app_purchased_date,False
fdc56e361ff2face94e6c583334f01a3,4fa19e678b7dbb31f45d1b774160eaa9,products_purchased,var_alias (catalog_item),catalog_item.products_purchased,False
d73633c3343999df2ec68bcd722b3c07,4fa19e678b7dbb31f45d1b774160eaa9,churn_date,var_alias (catalog_item),catalog_item.churn_date,False
237c9ce32efec49d217ac23ca5f09d53,34978435296178d345ee861a00fc4e15,go_live_date,var_alias (catalog_item),catalog_item.go_live_date,False
237c9ce32efec49d217ac23ca5f09d53,34978435296178d345ee861a00fc4e15,go_live_date,var_alias (catalog_item),catalog_item.go_live_date,False
010ee91413d3b56f1c71181f5a2e6bde,34978435296178d345ee861a00fc4e15,branded_mobile_app_purchased_date,var_alias (catalog_item),catalog_item.branded_mobile_app_purchased_date,False
010ee91413d3b56f1c71181f5a2e6bde,34978435296178d345ee861a00fc4e15,branded_mobile_app_purchased_date,var_alias (catalog_item),catalog_item.branded_mobile_app_purchased_date,False
77b663249be68fedf18c3de19f9b721c,34978435296178d345ee861a00fc4e15,country_code,var_alias (catalog_item),catalog_item.country_code,False
ca8f18b79e3bd14841444482838b9366,34978435296178d345ee861a00fc4e15,is_managed,var_alias (catalog_item),catalog_item.is_managed,False
237c9ce32efec49d217ac23ca5f09d53,34978435296178d345ee861a00fc4e15,go_live_date,var_alias (catalog_item),catalog_item.go_live_date,False
237c9ce32efec49d217ac23ca5f09d53,34978435296178d345ee861a00fc4e15,go_live_date,var_alias (catalog_item),catalog_item.go_live_date,False
010ee91413d3b56f1c71181f5a2e6bde,34978435296178d345ee861a00fc4e15,branded_mobile_app_purchased_date,var_alias (catalog_item),catalog_item.branded_mobile_app_purchased_date,False
c1221380ca636a2bc03b7272a038ff1f,34978435296178d345ee861a00fc4e15,products_purchased,var_alias (catalog_item),catalog_item.products_purchased,False
25021934d6ca7ca3d37cefbc82fb1e31,34978435296178d345ee861a00fc4e15,churn_date,var_alias (catalog_item),catalog_item.churn_date,False
58fc65c2254ab8aa572bf475c2151fd3,bef9eefda7e13940257cd55d6b3c3dcf,go_live_date,var_alias (catalog_item),catalog_item.go_live_date,False
58fc65c2254ab8aa572bf475c2151fd3,bef9eefda7e13940257cd55d6b3c3dcf,go_live_date,var_alias (catalog_item),catalog_item.go_live_date,False
884b6dfb1ee8f8cb64c0ce97045f9405,bef9eefda7e13940257cd55d6b3c3dcf,branded_mobile_app_purchased_date,var_alias (catalog_item),catalog_item.branded_mobile_app_purchased_date,False
884b6dfb1ee8f8cb64c0ce97045f9405,bef9eefda7e13940257cd55d6b3c3dcf,branded_mobile_app_purchased_date,var_alias (catalog_item),catalog_item.branded_mobile_app_purchased_date,False
3b12c906be5507d57252416f61311847,bef9eefda7e13940257cd55d6b3c3dcf,country_code,var_alias (catalog_item),catalog_item.country_code,False
82588a85865d23c7dd21dcb8b3693b92,bef9eefda7e13940257cd55d6b3c3dcf,is_managed,var_alias (catalog_item),catalog_item.is_managed,False
82588a85865d23c7dd21dcb8b3693b92,bef9eefda7e13940257cd55d6b3c3dcf,is_managed,var_alias (catalog_item),catalog_item.is_managed,False
58fc65c2254ab8aa572bf475c2151fd3,bef9eefda7e13940257cd55d6b3c3dcf,go_live_date,var_alias (catalog_item),catalog_item.go_live_date,False
58fc65c2254ab8aa572bf475c2151fd3,bef9eefda7e13940257cd55d6b3c3dcf,go_live_date,var_alias (catalog_item),catalog_item.go_live_date,False
884b6dfb1ee8f8cb64c0ce97045f9405,bef9eefda7e13940257cd55d6b3c3dcf,branded_mobile_app_purchased_date,var_alias (catalog_item),catalog_item.branded_mobile_app_purchased_date,False
66600f3c9f6cad72f4c0f08502c04c05,bef9eefda7e13940257cd55d6b3c3dcf,products_purchased,var_alias (catalog_item),catalog_item.products_purchased,False
12cdf8402e659d6f4e51f26c4e3747f7,bef9eefda7e13940257cd55d6b3c3dcf,churn_date,var_alias (catalog_item),catalog_item.churn_date,False
b2e9dbe39d946cf1daccbf71d108edb7,784e6deae0a6d0e34f59894f4b87b989,location_guid,where_clause,"where: ""location_guid""",True
b2e9dbe39d946cf1daccbf71d108edb7,784e6deae0a6d0e34f59894f4b87b989,location_guid,where_clause,"where: ""location_guid""",True
670c1ae4a03f85fe2d0130fdef77cc08,784e6deae0a6d0e34f59894f4b87b989,go_live_date,var_alias (catalog_item),catalog_item.go_live_date,False
670c1ae4a03f85fe2d0130fdef77cc08,784e6deae0a6d0e34f59894f4b87b989,go_live_date,var_alias (catalog_item),catalog_item.go_live_date,False
b1f8a1a29ca7860c687764a01735b248,784e6deae0a6d0e34f59894f4b87b989,branded_mobile_app_purchased_date,var_alias (catalog_item),catalog_item.branded_mobile_app_purchased_date,False
b1f8a1a29ca7860c687764a01735b248,784e6deae0a6d0e34f59894f4b87b989,branded_mobile_app_purchased_date,var_alias (catalog_item),catalog_item.branded_mobile_app_purchased_date,False
3a098c1ea2b2e08b63c52eb3bb5d85ac,784e6deae0a6d0e34f59894f4b87b989,account_segment,var_alias (catalog_item),catalog_item.account_segment,False
bc9971963b490d33261efd299c5a01d4,784e6deae0a6d0e34f59894f4b87b989,country_code,var_alias (catalog_item),catalog_item.country_code,False
378f7d7ec409afc6528f9113bc2c8fe8,784e6deae0a6d0e34f59894f4b87b989,is_managed,var_alias (catalog_item),catalog_item.is_managed,False
670c1ae4a03f85fe2d0130fdef77cc08,784e6deae0a6d0e34f59894f4b87b989,go_live_date,var_alias (catalog_item),catalog_item.go_live_date,False
b1f8a1a29ca7860c687764a01735b248,784e6deae0a6d0e34f59894f4b87b989,branded_mobile_app_purchased_date,var_alias (catalog_item),catalog_item.branded_mobile_app_purchased_date,False
a2dadeefe863564e0160c50d1d9f9e6e,784e6deae0a6d0e34f59894f4b87b989,products_purchased,var_alias (catalog_item),catalog_item.products_purchased,False
74625703bb1a5e89e454a36c8788497e,784e6deae0a6d0e34f59894f4b87b989,churn_date,var_alias (catalog_item),catalog_item.churn_date,False
670c1ae4a03f85fe2d0130fdef77cc08,784e6deae0a6d0e34f59894f4b87b989,go_live_date,var_alias (catalog_item),catalog_item.go_live_date,False
670c1ae4a03f85fe2d0130fdef77cc08,784e6deae0a6d0e34f59894f4b87b989,go_live_date,var_alias (catalog_item),catalog_item.go_live_date,False
b1f8a1a29ca7860c687764a01735b248,784e6deae0a6d0e34f59894f4b87b989,branded_mobile_app_purchased_date,var_alias (catalog_item),catalog_item.branded_mobile_app_purchased_date,False
b1f8a1a29ca7860c687764a01735b248,784e6deae0a6d0e34f59894f4b87b989,branded_mobile_app_purchased_date,var_alias (catalog_item),catalog_item.branded_mobile_app_purchased_date,False
3a098c1ea2b2e08b63c52eb3bb5d85ac,784e6deae0a6d0e34f59894f4b87b989,account_segment,var_alias (catalog_item),catalog_item.account_segment,False
bc9971963b490d33261efd299c5a01d4,784e6deae0a6d0e34f59894f4b87b989,country_code,var_alias (catalog_item),catalog_item.country_code,False
378f7d7ec409afc6528f9113bc2c8fe8,784e6deae0a6d0e34f59894f4b87b989,is_managed,var_alias (catalog_item),catalog_item.is_managed,False
670c1ae4a03f85fe2d0130fdef77cc08,784e6deae0a6d0e34f59894f4b87b989,go_live_date,var_alias (catalog_item),catalog_item.go_live_date,False
b1f8a1a29ca7860c687764a01735b248,784e6deae0a6d0e34f59894f4b87b989,branded_mobile_app_purchased_date,var_alias (catalog_item),catalog_item.branded_mobile_app_purchased_date,False
a2dadeefe863564e0160c50d1d9f9e6e,784e6deae0a6d0e34f59894f4b87b989,products_purchased,var_alias (catalog_item),catalog_item.products_purchased,False
74625703bb1a5e89e454a36c8788497e,784e6deae0a6d0e34f59894f4b87b989,churn_date,var_alias (catalog_item),catalog_item.churn_date,False
3a098c1ea2b2e08b63c52eb3bb5d85ac,784e6deae0a6d0e34f59894f4b87b989,account_segment,var_alias (catalog_item),catalog_item.account_segment,False
bc9971963b490d33261efd299c5a01d4,784e6deae0a6d0e34f59894f4b87b989,country_code,var_alias (catalog_item),catalog_item.country_code,False
378f7d7ec409afc6528f9113bc2c8fe8,784e6deae0a6d0e34f59894f4b87b989,is_managed,var_alias (catalog_item),catalog_item.is_managed,False
670c1ae4a03f85fe2d0130fdef77cc08,784e6deae0a6d0e34f59894f4b87b989,go_live_date,var_alias (catalog_item),catalog_item.go_live_date,False
b1f8a1a29ca7860c687764a01735b248,784e6deae0a6d0e34f59894f4b87b989,branded_mobile_app_purchased_date,var_alias (catalog_item),catalog_item.branded_mobile_app_purchased_date,False
a2dadeefe863564e0160c50d1d9f9e6e,784e6deae0a6d0e34f59894f4b87b989,products_purchased,var_alias (catalog_item),catalog_item.products_purchased,False
74625703bb1a5e89e454a36c8788497e,784e6deae0a6d0e34f59894f4b87b989,churn_date,var_alias (catalog_item),catalog_item.churn_date,False
c7ceb6575ef0332e31f95a5472200916,a2d97131eea5d3446a139326e39bf757,location_guid,where_clause,"where: ""location_guid""",True
c7ceb6575ef0332e31f95a5472200916,a2d97131eea5d3446a139326e39bf757,location_guid,where_clause,"where: ""location_guid""",True
61e855764921e6336371041b2352b3cd,a2d97131eea5d3446a139326e39bf757,go_live_date,var_alias (catalog_item),catalog_item.go_live_date,False
61e855764921e6336371041b2352b3cd,a2d97131eea5d3446a139326e39bf757,go_live_date,var_alias (catalog_item),catalog_item.go_live_date,False
5ab24f69f9eac7c9fd69e7d5916076e9,a2d97131eea5d3446a139326e39bf757,branded_mobile_app_purchased_date,var_alias (catalog_item),catalog_item.branded_mobile_app_purchased_date,False
5ab24f69f9eac7c9fd69e7d5916076e9,a2d97131eea5d3446a139326e39bf757,branded_mobile_app_purchased_date,var_alias (catalog_item),catalog_item.branded_mobile_app_purchased_date,False
92bcce5646f74cc72771d73ab7d1a490,a2d97131eea5d3446a139326e39bf757,account_segment,var_alias (catalog_item),catalog_item.account_segment,False
c0f8c9809f5d5f10acc0573e7170b9a4,a2d97131eea5d3446a139326e39bf757,country_code,var_alias (catalog_item),catalog_item.country_code,False
cd10b94d29966aa16ff9f5463aeef0e3,a2d97131eea5d3446a139326e39bf757,is_managed,var_alias (catalog_item),catalog_item.is_managed,False
61e855764921e6336371041b2352b3cd,a2d97131eea5d3446a139326e39bf757,go_live_date,var_alias (catalog_item),catalog_item.go_live_date,False
5ab24f69f9eac7c9fd69e7d5916076e9,a2d97131eea5d3446a139326e39bf757,branded_mobile_app_purchased_date,var_alias (catalog_item),catalog_item.branded_mobile_app_purchased_date,False
5ed2776b1754e5ea625b6937c13452b8,a2d97131eea5d3446a139326e39bf757,products_purchased,var_alias (catalog_item),catalog_item.products_purchased,False
9ff22de5f5ed58ad4291d6585f992557,a2d97131eea5d3446a139326e39bf757,churn_date,var_alias (catalog_item),catalog_item.churn_date,False
61e855764921e6336371041b2352b3cd,a2d97131eea5d3446a139326e39bf757,go_live_date,var_alias (catalog_item),catalog_item.go_live_date,False
61e855764921e6336371041b2352b3cd,a2d97131eea5d3446a139326e39bf757,go_live_date,var_alias (catalog_item),catalog_item.go_live_date,False
5ab24f69f9eac7c9fd69e7d5916076e9,a2d97131eea5d3446a139326e39bf757,branded_mobile_app_purchased_date,var_alias (catalog_item),catalog_item.branded_mobile_app_purchased_date,False
5ab24f69f9eac7c9fd69e7d5916076e9,a2d97131eea5d3446a139326e39bf757,branded_mobile_app_purchased_date,var_alias (catalog_item),catalog_item.branded_mobile_app_purchased_date,False
92bcce5646f74cc72771d73ab7d1a490,a2d97131eea5d3446a139326e39bf757,account_segment,var_alias (catalog_item),catalog_item.account_segment,False
c0f8c9809f5d5f10acc0573e7170b9a4,a2d97131eea5d3446a139326e39bf757,country_code,var_alias (catalog_item),catalog_item.country_code,False
cd10b94d29966aa16ff9f5463aeef0e3,a2d97131eea5d3446a139326e39bf757,is_managed,var_alias (catalog_item),catalog_item.is_managed,False
61e855764921e6336371041b2352b3cd,a2d97131eea5d3446a139326e39bf757,go_live_date,var_alias (catalog_item),catalog_item.go_live_date,False
5ab24f69f9eac7c9fd69e7d5916076e9,a2d97131eea5d3446a139326e39bf757,branded_mobile_app_purchased_date,var_alias (catalog_item),catalog_item.branded_mobile_app_purchased_date,False
5ed2776b1754e5ea625b6937c13452b8,a2d97131eea5d3446a139326e39bf757,products_purchased,var_alias (catalog_item),catalog_item.products_purchased,False
9ff22de5f5ed58ad4291d6585f992557,a2d97131eea5d3446a139326e39bf757,churn_date,var_alias (catalog_item),catalog_item.churn_date,False
92bcce5646f74cc72771d73ab7d1a490,a2d97131eea5d3446a139326e39bf757,account_segment,var_alias (catalog_item),catalog_item.account_segment,False
c0f8c9809f5d5f10acc0573e7170b9a4,a2d97131eea5d3446a139326e39bf757,country_code,var_alias (catalog_item),catalog_item.country_code,False
cd10b94d29966aa16ff9f5463aeef0e3,a2d97131eea5d3446a139326e39bf757,is_managed,var_alias (catalog_item),catalog_item.is_managed,False
61e855764921e6336371041b2352b3cd,a2d97131eea5d3446a139326e39bf757,go_live_date,var_alias (catalog_item),catalog_item.go_live_date,False
5ab24f69f9eac7c9fd69e7d5916076e9,a2d97131eea5d3446a139326e39bf757,branded_mobile_app_purchased_date,var_alias (catalog_item),catalog_item.branded_mobile_app_purchased_date,False
5ed2776b1754e5ea625b6937c13452b8,a2d97131eea5d3446a139326e39bf757,products_purchased,var_alias (catalog_item),catalog_item.products_purchased,False
9ff22de5f5ed58ad4291d6585f992557,a2d97131eea5d3446a139326e39bf757,churn_date,var_alias (catalog_item),catalog_item.churn_date,False
92eee50e52854a681a1852d8bd620519,2a20dffd88613f89f43b629f18ca489c,go_live_date,var_alias (catalog_item),catalog_item.go_live_date,False
92eee50e52854a681a1852d8bd620519,2a20dffd88613f89f43b629f18ca489c,go_live_date,var_alias (catalog_item),catalog_item.go_live_date,False
40e19509cf1ed446c39885a8f26fd18e,2a20dffd88613f89f43b629f18ca489c,branded_mobile_app_purchased_date,var_alias (catalog_item),catalog_item.branded_mobile_app_purchased_date,False
40e19509cf1ed446c39885a8f26fd18e,2a20dffd88613f89f43b629f18ca489c,branded_mobile_app_purchased_date,var_alias (catalog_item),catalog_item.branded_mobile_app_purchased_date,False
8d8bbd9f97af5d9e0651651477885824,2a20dffd88613f89f43b629f18ca489c,is_managed,var_alias (catalog_item),catalog_item.is_managed,False
19c3dc74a678cf144ba4d8379ae9f399,2a20dffd88613f89f43b629f18ca489c,country_code,var_alias (catalog_item),catalog_item.country_code,False
92eee50e52854a681a1852d8bd620519,2a20dffd88613f89f43b629f18ca489c,go_live_date,var_alias (catalog_item),catalog_item.go_live_date,False
92eee50e52854a681a1852d8bd620519,2a20dffd88613f89f43b629f18ca489c,go_live_date,var_alias (catalog_item),catalog_item.go_live_date,False
40e19509cf1ed446c39885a8f26fd18e,2a20dffd88613f89f43b629f18ca489c,branded_mobile_app_purchased_date,var_alias (catalog_item),catalog_item.branded_mobile_app_purchased_date,False
b7b8010cc296baab95498114f7f86de7,2a20dffd88613f89f43b629f18ca489c,products_purchased,var_alias (catalog_item),catalog_item.products_purchased,False
7cb32256edd042c823960502d72ea121,2a20dffd88613f89f43b629f18ca489c,churn_date,var_alias (catalog_item),catalog_item.churn_date,False
cc750a1d8141e5bd351118204e85a7ec,e0cc588800c0ccd4a7af9926960b4b72,go_live_date,var_alias (catalog_item),catalog_item.go_live_date,False
cc750a1d8141e5bd351118204e85a7ec,e0cc588800c0ccd4a7af9926960b4b72,go_live_date,var_alias (catalog_item),catalog_item.go_live_date,False
d611080fd69da0cadc35c6783fa6f40a,e0cc588800c0ccd4a7af9926960b4b72,ads_purchased_date,var_alias (catalog_item),catalog_item.ads_purchased_date,False
d611080fd69da0cadc35c6783fa6f40a,e0cc588800c0ccd4a7af9926960b4b72,ads_purchased_date,var_alias (catalog_item),catalog_item.ads_purchased_date,False
107fcfd4157f9288df1cf76a1dd823ba,e0cc588800c0ccd4a7af9926960b4b72,is_managed,var_alias (catalog_item),catalog_item.is_managed,False
3127a98376a2b8863f26c5bbddd42a2a,e0cc588800c0ccd4a7af9926960b4b72,account_segment,var_alias (catalog_item),catalog_item.account_segment,False
cc750a1d8141e5bd351118204e85a7ec,e0cc588800c0ccd4a7af9926960b4b72,go_live_date,var_alias (catalog_item),catalog_item.go_live_date,False
cc750a1d8141e5bd351118204e85a7ec,e0cc588800c0ccd4a7af9926960b4b72,go_live_date,var_alias (catalog_item),catalog_item.go_live_date,False
d611080fd69da0cadc35c6783fa6f40a,e0cc588800c0ccd4a7af9926960b4b72,ads_purchased_date,var_alias (catalog_item),catalog_item.ads_purchased_date,False
d611080fd69da0cadc35c6783fa6f40a,e0cc588800c0ccd4a7af9926960b4b72,ads_purchased_date,var_alias (catalog_item),catalog_item.ads_purchased_date,False
fd3375c53f0bf851b6f020e1298371ae,e0cc588800c0ccd4a7af9926960b4b72,ads_activation_date,var_alias (catalog_item),catalog_item.ads_activation_date,False
494849e80be7de23a0715b17698d9086,e0cc588800c0ccd4a7af9926960b4b72,country_code,var_alias (catalog_item),catalog_item.country_code,False
cd574a9307e4850772ae5bfacd00fc51,fc5fd6f57534eb1bbf4a0c4fa3ab0359,go_live_date,var_alias (catalog_item),catalog_item.go_live_date,False
cd574a9307e4850772ae5bfacd00fc51,fc5fd6f57534eb1bbf4a0c4fa3ab0359,go_live_date,var_alias (catalog_item),catalog_item.go_live_date,False
c59e4c4db5b4855a9c349a28046b2f9b,fc5fd6f57534eb1bbf4a0c4fa3ab0359,ads_purchased_date,var_alias (catalog_item),catalog_item.ads_purchased_date,False
c59e4c4db5b4855a9c349a28046b2f9b,fc5fd6f57534eb1bbf4a0c4fa3ab0359,ads_purchased_date,var_alias (catalog_item),catalog_item.ads_purchased_date,False
c8ae9328c0f10f87363f9132852fd1d8,fc5fd6f57534eb1bbf4a0c4fa3ab0359,is_managed,var_alias (catalog_item),catalog_item.is_managed,False
0d2c9ce384793167c3efb8574fb316a1,fc5fd6f57534eb1bbf4a0c4fa3ab0359,account_segment,var_alias (catalog_item),catalog_item.account_segment,False
cd574a9307e4850772ae5bfacd00fc51,fc5fd6f57534eb1bbf4a0c4fa3ab0359,go_live_date,var_alias (catalog_item),catalog_item.go_live_date,False
cd574a9307e4850772ae5bfacd00fc51,fc5fd6f57534eb1bbf4a0c4fa3ab0359,go_live_date,var_alias (catalog_item),catalog_item.go_live_date,False
c59e4c4db5b4855a9c349a28046b2f9b,fc5fd6f57534eb1bbf4a0c4fa3ab0359,ads_purchased_date,var_alias (catalog_item),catalog_item.ads_purchased_date,False
c59e4c4db5b4855a9c349a28046b2f9b,fc5fd6f57534eb1bbf4a0c4fa3ab0359,ads_purchased_date,var_alias (catalog_item),catalog_item.ads_purchased_date,False
d08d5ea319e09c9c946ac7b17d7e6ed5,fc5fd6f57534eb1bbf4a0c4fa3ab0359,ads_activation_date,var_alias (catalog_item),catalog_item.ads_activation_date,False
ab0711cd8f284f0eb502028150c0ba75,fc5fd6f57534eb1bbf4a0c4fa3ab0359,country_code,var_alias (catalog_item),catalog_item.country_code,False
cd01ca9a4f1733867d50621b577c9ce7,7d59caed0aa5798b61eea4b47531e79a,go_live_date,var_alias (catalog_item),catalog_item.go_live_date,False
cd01ca9a4f1733867d50621b577c9ce7,7d59caed0aa5798b61eea4b47531e79a,go_live_date,var_alias (catalog_item),catalog_item.go_live_date,False
cd01ca9a4f1733867d50621b577c9ce7,7d59caed0aa5798b61eea4b47531e79a,go_live_date,var_alias (catalog_item),catalog_item.go_live_date,False
23f679efa7f2b502df543cb948561bfd,7a548f14c49f5ab54d72d7c377a7df83,go_live_date,var_alias (catalog_item),catalog_item.go_live_date,False
23f679efa7f2b502df543cb948561bfd,7a548f14c49f5ab54d72d7c377a7df83,go_live_date,var_alias (catalog_item),catalog_item.go_live_date,False
e0a37a9523c7785bae0fa2e94859a339,7a548f14c49f5ab54d72d7c377a7df83,ads_purchased_date,var_alias (catalog_item),catalog_item.ads_purchased_date,False
e0a37a9523c7785bae0fa2e94859a339,7a548f14c49f5ab54d72d7c377a7df83,ads_purchased_date,var_alias (catalog_item),catalog_item.ads_purchased_date,False
f42c84c9319de39c4bc82b191acb6218,7a548f14c49f5ab54d72d7c377a7df83,is_managed,var_alias (catalog_item),catalog_item.is_managed,False
bd1b0d79fc530241dbcbebac113f4d4c,7a548f14c49f5ab54d72d7c377a7df83,account_segment,var_alias (catalog_item),catalog_item.account_segment,False
23f679efa7f2b502df543cb948561bfd,7a548f14c49f5ab54d72d7c377a7df83,go_live_date,var_alias (catalog_item),catalog_item.go_live_date,False
23f679efa7f2b502df543cb948561bfd,7a548f14c49f5ab54d72d7c377a7df83,go_live_date,var_alias (catalog_item),catalog_item.go_live_date,False
e0a37a9523c7785bae0fa2e94859a339,7a548f14c49f5ab54d72d7c377a7df83,ads_purchased_date,var_alias (catalog_item),catalog_item.ads_purchased_date,False
e0a37a9523c7785bae0fa2e94859a339,7a548f14c49f5ab54d72d7c377a7df83,ads_purchased_date,var_alias (catalog_item),catalog_item.ads_purchased_date,False
7d11b42742ca374a8c2752226256ba64,7a548f14c49f5ab54d72d7c377a7df83,ads_activation_date,var_alias (catalog_item),catalog_item.ads_activation_date,False
0d5070aea231882934449695161b7d05,7a548f14c49f5ab54d72d7c377a7df83,country_code,var_alias (catalog_item),catalog_item.country_code,False
2183e8b25743b7b105747f86fcc0e450,b9e1396ebf80ffe5f9ba3c9fec8de5c8,go_live_date,var_alias (catalog_item),catalog_item.go_live_date,False
2183e8b25743b7b105747f86fcc0e450,b9e1396ebf80ffe5f9ba3c9fec8de5c8,go_live_date,var_alias (catalog_item),catalog_item.go_live_date,False
2183e8b25743b7b105747f86fcc0e450,b9e1396ebf80ffe5f9ba3c9fec8de5c8,go_live_date,var_alias (catalog_item),catalog_item.go_live_date,False
93a463ad3300aebc3915f181c5f8407b,b9e1396ebf80ffe5f9ba3c9fec8de5c8,account_segment,var_alias (catalog_item),catalog_item.account_segment,False
33340d00c7f1823b0b9d4e853be825f2,b9e1396ebf80ffe5f9ba3c9fec8de5c8,restaurant_type,var_alias (catalog_item),catalog_item.restaurant_type,False
341cddf45f3d4580a304baf8f6b845a2,67e5f131ada049c4b09268b25a8335d0,go_live_date,var_alias (catalog_item),catalog_item.go_live_date,False
341cddf45f3d4580a304baf8f6b845a2,67e5f131ada049c4b09268b25a8335d0,go_live_date,var_alias (catalog_item),catalog_item.go_live_date,False
edd7bf92ec0a8ffcf1a1a2dbc993916c,67e5f131ada049c4b09268b25a8335d0,ads_purchased_date,var_alias (catalog_item),catalog_item.ads_purchased_date,False
edd7bf92ec0a8ffcf1a1a2dbc993916c,67e5f131ada049c4b09268b25a8335d0,ads_purchased_date,var_alias (catalog_item),catalog_item.ads_purchased_date,False
588c3806a1f4ba13b811a5c229189e7c,67e5f131ada049c4b09268b25a8335d0,is_managed,var_alias (catalog_item),catalog_item.is_managed,False
2f0ab6d1bf59071c426382dac107795e,67e5f131ada049c4b09268b25a8335d0,account_segment,var_alias (catalog_item),catalog_item.account_segment,False
341cddf45f3d4580a304baf8f6b845a2,67e5f131ada049c4b09268b25a8335d0,go_live_date,var_alias (catalog_item),catalog_item.go_live_date,False
edd7bf92ec0a8ffcf1a1a2dbc993916c,67e5f131ada049c4b09268b25a8335d0,ads_purchased_date,var_alias (catalog_item),catalog_item.ads_purchased_date,False
9a10c8a133b8aaf070a87900996ef463,67e5f131ada049c4b09268b25a8335d0,ads_activation_date,var_alias (catalog_item),catalog_item.ads_activation_date,False
5313357a666ef139c9f551ed4eb90266,85d3cb9b6444ad69056dbbb6d3742ec6,go_live_date,var_alias (catalog_item),catalog_item.go_live_date,False
5313357a666ef139c9f551ed4eb90266,85d3cb9b6444ad69056dbbb6d3742ec6,go_live_date,var_alias (catalog_item),catalog_item.go_live_date,False
57b515f2f209d360f2936fff083458b6,85d3cb9b6444ad69056dbbb6d3742ec6,ads_purchased_date,var_alias (catalog_item),catalog_item.ads_purchased_date,False
57b515f2f209d360f2936fff083458b6,85d3cb9b6444ad69056dbbb6d3742ec6,ads_purchased_date,var_alias (catalog_item),catalog_item.ads_purchased_date,False
ddf3b87a964a3800630a80db9c68729f,85d3cb9b6444ad69056dbbb6d3742ec6,is_managed,var_alias (catalog_item),catalog_item.is_managed,False
ca9f7095463b843229cdad8bee35d7c0,85d3cb9b6444ad69056dbbb6d3742ec6,account_segment,var_alias (catalog_item),catalog_item.account_segment,False
5313357a666ef139c9f551ed4eb90266,85d3cb9b6444ad69056dbbb6d3742ec6,go_live_date,var_alias (catalog_item),catalog_item.go_live_date,False
5313357a666ef139c9f551ed4eb90266,85d3cb9b6444ad69056dbbb6d3742ec6,go_live_date,var_alias (catalog_item),catalog_item.go_live_date,False
57b515f2f209d360f2936fff083458b6,85d3cb9b6444ad69056dbbb6d3742ec6,ads_purchased_date,var_alias (catalog_item),catalog_item.ads_purchased_date,False
57b515f2f209d360f2936fff083458b6,85d3cb9b6444ad69056dbbb6d3742ec6,ads_purchased_date,var_alias (catalog_item),catalog_item.ads_purchased_date,False
81b552877763d648760bed02f36f7e2a,85d3cb9b6444ad69056dbbb6d3742ec6,ads_activation_date,var_alias (catalog_item),catalog_item.ads_activation_date,False
57f8f2c4cd7813657ed44fd455ca6226,85d3cb9b6444ad69056dbbb6d3742ec6,country_code,var_alias (catalog_item),catalog_item.country_code,False
4729fe2b28f03c4647980569902d51ed,38e12387ac3c720498a7afc98ddc0987,account_segment,var_alias (catalog_item),catalog_item.account_segment,False
80facb3be26363be46b2c3866639dfdc,38e12387ac3c720498a7afc98ddc0987,location_city,var_alias (catalog_item),catalog_item.location_city,False
d7ec55bdeb51527bfbd6001d8760115f,7affde90b5044a68fa7cd445dbe15b0d,go_live_date,var_alias (catalog_item),catalog_item.go_live_date,False
d7ec55bdeb51527bfbd6001d8760115f,7affde90b5044a68fa7cd445dbe15b0d,go_live_date,var_alias (catalog_item),catalog_item.go_live_date,False
f39dd291a6188a21a165654a8c9d46ed,7affde90b5044a68fa7cd445dbe15b0d,ads_purchased_date,var_alias (catalog_item),catalog_item.ads_purchased_date,False
f39dd291a6188a21a165654a8c9d46ed,7affde90b5044a68fa7cd445dbe15b0d,ads_purchased_date,var_alias (catalog_item),catalog_item.ads_purchased_date,False
2edfda142a6b7790b1fda013bdbe87f2,7affde90b5044a68fa7cd445dbe15b0d,account_segment,var_alias (catalog_item),catalog_item.account_segment,False
d7ec55bdeb51527bfbd6001d8760115f,7affde90b5044a68fa7cd445dbe15b0d,go_live_date,var_alias (catalog_item),catalog_item.go_live_date,False
393822c2e1557c05bf2b2abdf82330b1,7affde90b5044a68fa7cd445dbe15b0d,ads_activation_date,var_alias (catalog_item),catalog_item.ads_activation_date,False
f39dd291a6188a21a165654a8c9d46ed,7affde90b5044a68fa7cd445dbe15b0d,ads_purchased_date,var_alias (catalog_item),catalog_item.ads_purchased_date,False
8fe49da8514a749d6bc9c13ee0234816,0ac784897d644df66c1d37771a19d5a5,account_segment,var_alias (catalog_item),catalog_item.account_segment,False
8f10b57731d5e3e03358e107ba8992a0,834287fae80f8248ddbb718d2017785a,has_used_instant_deposit,var_alias (catalog_item),catalog_item.has_used_instant_deposit,False
69d1765f92d40c6c3a874e27bc321a43,834287fae80f8248ddbb718d2017785a,has_active_toast_checking_account,var_alias (catalog_item),catalog_item.has_active_toast_checking_account,False
21a9699d6d7037bb20add5f507ee51ab,834287fae80f8248ddbb718d2017785a,account_segment,var_alias (catalog_item),catalog_item.account_segment,False
a2dc0442c28b01c29fa80ee05bc88ab5,f2572b2dad51b1fe09f5a3aaf4763869,is_managed,var_alias (catalog_item),catalog_item.is_managed,False
aa20979c98b17225fa4fbd50e15e61eb,f2572b2dad51b1fe09f5a3aaf4763869,account_segment,var_alias (catalog_item),catalog_item.account_segment,False
c9089250178f689652a3c2f740531712,f2572b2dad51b1fe09f5a3aaf4763869,country_code,var_alias (catalog_item),catalog_item.country_code,False
ff0b4298985da85b5a215f7e9f331610,f2572b2dad51b1fe09f5a3aaf4763869,skip_purchased_date,var_alias (catalog_item),catalog_item.skip_purchased_date,False
994a76996a7e177dc74b88ea32ec8924,f2572b2dad51b1fe09f5a3aaf4763869,skip_activation_date,var_alias (catalog_item),catalog_item.skip_activation_date,False
de6e886f3711de33e4f3e8000b014554,d2c4e4df943248888a79169a55fe8232,account_segment,var_alias (catalog_item),catalog_item.account_segment,False
b01d6f72a69b05b93cd578bc69cb181c,d2c4e4df943248888a79169a55fe8232,marketing_purchased_date,var_alias (catalog_item),catalog_item.marketing_purchased_date,False
15db701c43c09e26931011e76f9b289e,d2c4e4df943248888a79169a55fe8232,loyalty_purchased_date,var_alias (catalog_item),catalog_item.loyalty_purchased_date,False
ad47d9b08a5b3f597886aafcad6be960,d2c4e4df943248888a79169a55fe8232,gc_purchased_date,var_alias (catalog_item),catalog_item.gc_purchased_date,False
b01d6f72a69b05b93cd578bc69cb181c,d2c4e4df943248888a79169a55fe8232,marketing_purchased_date,var_alias (catalog_item),catalog_item.marketing_purchased_date,False
15db701c43c09e26931011e76f9b289e,d2c4e4df943248888a79169a55fe8232,loyalty_purchased_date,var_alias (catalog_item),catalog_item.loyalty_purchased_date,False
ad47d9b08a5b3f597886aafcad6be960,d2c4e4df943248888a79169a55fe8232,gc_purchased_date,var_alias (catalog_item),catalog_item.gc_purchased_date,False
d6711d4edd964e5cccdce5793ea9c3a8,f54e86661955f2075dac4a4c8e50ccd8,has_active_toast_checking_account,var_alias (catalog_item),catalog_item.has_active_toast_checking_account,False
aadc5893b9bab72d940a33ca43a29dd6,f54e86661955f2075dac4a4c8e50ccd8,has_ever_had_toast_capital,var_alias (catalog_item),catalog_item.has_ever_had_toast_capital,False
370663b3dd920ee76ad85dc50c95dfc3,f54e86661955f2075dac4a4c8e50ccd8,account_segment,var_alias (catalog_item),catalog_item.account_segment,False
aec6aa26226f7c5665372edbe2d88de9,5a06e0588e5b256aad4b597bce9a96d6,location_guid,where_clause,"where: ""location_guid""",True
e3b44a8c80f627e16aadb9052234d051,ab814c0e38c8c183db599947779b48db,location_guid,where_clause,"where: ""location_guid""",True
9c8d895b3b9c4278b93c845ea263db63,c024106c5cc749b23ac4970f45035a85,location_guid,where_clause,"where: ""location_guid""",True
3fbe3defa2046c80f891807560b48f96,294de6cec77d1c9af5809f80ffe3310c,id,var_alias (catalog_item),catalog_item.id,False
15d187391f9a0874b7b418dbabcb66e7,294de6cec77d1c9af5809f80ffe3310c,location_name,var_alias (catalog_item),catalog_item.location_name,False
15d187391f9a0874b7b418dbabcb66e7,294de6cec77d1c9af5809f80ffe3310c,location_name,var_alias (catalog_item),catalog_item.location_name,False
41499eaf02156a4daf6b2630ba324505,294de6cec77d1c9af5809f80ffe3310c,location_street,var_alias (catalog_item),catalog_item.location_street,False
41499eaf02156a4daf6b2630ba324505,294de6cec77d1c9af5809f80ffe3310c,location_street,var_alias (catalog_item),catalog_item.location_street,False
698a9c8c282c899981a7db8a8b00e2d1,294de6cec77d1c9af5809f80ffe3310c,location_city,var_alias (catalog_item),catalog_item.location_city,False
698a9c8c282c899981a7db8a8b00e2d1,294de6cec77d1c9af5809f80ffe3310c,location_city,var_alias (catalog_item),catalog_item.location_city,False
09b73097d15a459e84d6a2e1ae3becb7,294de6cec77d1c9af5809f80ffe3310c,location_state,var_alias (catalog_item),catalog_item.location_state,False
ec8a2ae2a74e5c5bbb73e82e443a98e4,294de6cec77d1c9af5809f80ffe3310c,account_segment,var_alias (catalog_item),catalog_item.account_segment,False
3035ac055ce573eb2dd992b6eb9028ce,294de6cec77d1c9af5809f80ffe3310c,products_purchased,var_alias (catalog_item),catalog_item.products_purchased,False
3035ac055ce573eb2dd992b6eb9028ce,294de6cec77d1c9af5809f80ffe3310c,products_purchased,var_alias (catalog_item),catalog_item.products_purchased,False
f1cf3b9f86c6d443cb7206dda01a82eb,294de6cec77d1c9af5809f80ffe3310c,gmv_last_30_days,var_alias (catalog_item),catalog_item.gmv_last_30_days,False
f1cf3b9f86c6d443cb7206dda01a82eb,294de6cec77d1c9af5809f80ffe3310c,gmv_last_30_days,var_alias (catalog_item),catalog_item.gmv_last_30_days,False
43cae460694264656e72f75d15b61e81,294de6cec77d1c9af5809f80ffe3310c,tickets_last_30_days,var_alias (catalog_item),catalog_item.tickets_last_30_days,False
43cae460694264656e72f75d15b61e81,294de6cec77d1c9af5809f80ffe3310c,tickets_last_30_days,var_alias (catalog_item),catalog_item.tickets_last_30_days,False
f66cd9eb1b43cab76161e0558916fa16,294de6cec77d1c9af5809f80ffe3310c,go_live_date,var_alias (catalog_item),catalog_item.go_live_date,False
f66cd9eb1b43cab76161e0558916fa16,294de6cec77d1c9af5809f80ffe3310c,go_live_date,var_alias (catalog_item),catalog_item.go_live_date,False
2089bc781f002f2a3db79a04df222387,294de6cec77d1c9af5809f80ffe3310c,has_oo,var_alias (catalog_item),catalog_item.has_oo,False
2089bc781f002f2a3db79a04df222387,294de6cec77d1c9af5809f80ffe3310c,has_oo,var_alias (catalog_item),catalog_item.has_oo,False
81d2d8798233d3b291f2dd6530caa166,294de6cec77d1c9af5809f80ffe3310c,doordash_activation_date,var_alias (catalog_item),catalog_item.doordash_activation_date,False
81d2d8798233d3b291f2dd6530caa166,294de6cec77d1c9af5809f80ffe3310c,doordash_activation_date,var_alias (catalog_item),catalog_item.doordash_activation_date,False
e1728793b423b145c69cb87bbe9cd6d7,64e57aa74cfb40e06e1b260e54377fe5,location_guid,where_clause,"where: ""location_guid""",True
b94b9eedbeff2cd1ec249bfd36b0599b,a1c363e28b9aa79b0e48dee58f01bd45,location_guid,where_clause,"where: ""location_guid""",True
7ccb471972711d8ce62eec4ab778af55,75e195ca4a313f2cf273c8969a6d3f66,location_guid,where_clause,"where: ""location_guid""",True
83c0874ef25e2346186a2097988badee,951fdb5a5fe8cf9cdcb5654d72294279,location_guid,where_clause,"where: ""location_guid""",True
1351c1ad691450f6a040b841d01b08c7,2fa454092669121cd0dcdd158dac1a49,location_guid,where_clause,"where: ""location_guid""",True
805c40cbffcf59913a5cec66a8683f22,25378e1db7952ca3ff83b4d8874076d5,has_onboarded_ads,var_alias (catalog_item),catalog_item.has_onboarded_ads,False
4773b0b7cdfabf8ee2ed8d263f3ef9a4,3fec96d481ca3f1c9bc082fc2f5617d9,has_onboarded_ads,var_alias (catalog_item),catalog_item.has_onboarded_ads,False
797c3a947a9a2545c2da1051f12867dd,dd86be29525fc23cfeb5a2a8468d40d8,has_onboarded_ads,var_alias (catalog_item),catalog_item.has_onboarded_ads,False
c9b8f6b2db0e21ee0f9ea91b2b172051,59e89a6087f2e4e9923bd91b0280ade0,ads_activation_date,var_alias (catalog_item),catalog_item.ads_activation_date,False
96f51a9908fa6d3f8565351cc7bfaca2,6a7d6899d55225d2b577777f72f183c2,has_onboarded_ads,var_alias (catalog_item),catalog_item.has_onboarded_ads,False
7af2a0a96ec9261162ca39e3b2c97317,978450aba62ef76b0f60e5c19c432e03,ads_activation_date,var_alias (catalog_item),catalog_item.ads_activation_date,False
8795f6e95fca2e4a00b982f33f06c005,6f62887cb6acb6063e0e62af0f6a16a5,ads_activation_date,var_alias (catalog_item),catalog_item.ads_activation_date,False
f2ec133eb52df402349a62dbb9d80aff,a299867617bf6a4a755f31078129e248,ads_activation_date,var_alias (catalog_item),catalog_item.ads_activation_date,False
300ae3062534bf51a9d8d845c1a15fbc,e2f70915b5b7b0a9de8d813e6dd1a4d2,oo_first_order_date,var_alias (catalog_item),catalog_item.oo_first_order_date,False
b692e979d63b263d3db93e4d352a500b,1653b29397f9d06d34c62f667746d816,toast_websites_activation_date,var_alias (catalog_item),catalog_item.toast_websites_activation_date,False
b692e979d63b263d3db93e4d352a500b,1653b29397f9d06d34c62f667746d816,toast_websites_activation_date,var_alias (catalog_item),catalog_item.toast_websites_activation_date,False
e119b8cd303fc465ef13c0005bb21131,cbb01fb910ca5afa063e7d1405dea8cf,toast_websites_activation_date,var_alias (catalog_item),catalog_item.toast_websites_activation_date,False
dcfedc21027e290a1eaa2952973d8830,76dba5d0f4d9bdbced3eac162cd9d387,oo_activation_date,var_alias (catalog_item),catalog_item.oo_activation_date,False
e1c514c2bcff9a26005ea6ff03b6f69f,dd165703c6dec9e907c7b00d15c2358c,toast_websites_activation_date,var_alias (catalog_item),catalog_item.toast_websites_activation_date,False
d8c5ae0d9b0bd1a1c3aec04657259aae,ad4af29825d56fd07fbb387649f1d9c8,toast_websites_activation_date,var_alias (catalog_item),catalog_item.toast_websites_activation_date,False
4675f8557acc4b011f20496bf67a5545,288c6d1a2173ccf50318670b8cf09040,oo_first_order_date,var_alias (catalog_item),catalog_item.oo_first_order_date,False
397ebe2b9a2c820941e425e8b23584bb,0a465b6f6f6c64ff12d08eba46d1e6cd,oo_first_order_date,var_alias (catalog_item),catalog_item.oo_first_order_date,False
1ea685daddadc44f945c495b3e36cfd0,c05607bbfb243bb6799788d3b97182ea,oo_activation_date,var_alias (catalog_item),catalog_item.oo_activation_date,False
06bfbd46d12df06472cb1a2d70a3a357,9aff9843feb936574d751a7c100d1fa9,oo_activation_date,var_alias (catalog_item),catalog_item.oo_activation_date,False
49ba4db94b28eceec76aab396acc670b,2b60431d56e57c124daf28c732807a9b,tds_first_order_date,var_alias (catalog_item),catalog_item.tds_first_order_date,False
a716e94363fdb19403d6bdcf28c30cc7,f90a20688e1d7346f5c0e984fb9f882e,tds_first_order_date,var_alias (catalog_item),catalog_item.tds_first_order_date,False
09b0af54750f9ae3d5c8f0e2a0bba48a,528d03e44949af0819b82088f1662241,tds_first_order_date,var_alias (catalog_item),catalog_item.tds_first_order_date,False
59cb0884d3a15c03d27f62f8d248b3b2,78d5554a2889236661dfbbc1a3fbe191,branded_mobile_app_first_usage_date,var_alias (catalog_item),catalog_item.branded_mobile_app_first_usage_date,False
1c69afe1a7211867df6465aee73aa37a,3560ef20f44e426ba7154ab3220713e3,branded_mobile_app_first_usage_date,var_alias (catalog_item),catalog_item.branded_mobile_app_first_usage_date,False
2bb842d8637d0e8245daca1f21eb2bcd,b3159d64cf395b4cfbdf62a869037767,branded_mobile_app_activation_date,var_alias (catalog_item),catalog_item.branded_mobile_app_activation_date,False
8db20e9726dbb6240564e8de659a4c49,33029f3982c70f92947c0b9eddefaefa,branded_mobile_app_activation_date,var_alias (catalog_item),catalog_item.branded_mobile_app_activation_date,False
711cb2fbd0bb0af3d88944c4e2a8fb55,2262b3d0692e6976d33a1a5331eb9a1c,branded_mobile_app_activation_date,var_alias (catalog_item),catalog_item.branded_mobile_app_activation_date,False
11d09ec23f1eb5bdc79b58936ec36e9b,dcbd4279f95f6fdcccbc78b6ae2478f6,oo_activation_date,var_alias (catalog_item),catalog_item.oo_activation_date,False
dbeaa0a357d9e35c4570ede4b3bc89dd,3d0bfdef877a0179e1cdc4139c071feb,toast_websites_activation_date,var_alias (catalog_item),catalog_item.toast_websites_activation_date,False
281ebbc7763f48973e310c1e14551cda,df87420de5ef5908383970213fafc2b6,branded_mobile_app_activation_date,var_alias (catalog_item),catalog_item.branded_mobile_app_activation_date,False
f166699d001089fe353b2b081b595ca5,94f8b7dc2667d35bd8951a94264d6b34,tds_first_order_date,var_alias (catalog_item),catalog_item.tds_first_order_date,False
c8cf27cc64b7249542fbea6881bf8a9c,aabc872b6e6676f1b302ceca36bee743,oo_activation_date,var_alias (catalog_item),catalog_item.oo_activation_date,False
45f6ac18ddefd39c176152cad588a865,0d27d0588bcb5e05ec54b23134256dd2,oo_first_order_date,var_alias (catalog_item),catalog_item.oo_first_order_date,False
a26a62ea7efa7517ede2f0892299c74d,e091fe9722e548b94a01dca8b39d48f9,branded_mobile_app_first_usage_date,var_alias (catalog_item),catalog_item.branded_mobile_app_first_usage_date,False
4ae6914fc72236450f628e73db98059e,803d079578d99283f4ffcbaadc309101,has_onboarded_ads,var_alias (catalog_item),catalog_item.has_onboarded_ads,False
512aac4d3df1cdc0a3a551ba362feb75,7ce906949632447353b7363c18898d59,ads_activation_date,var_alias (catalog_item),catalog_item.ads_activation_date,False
526ff1761bcb000be0d52d395b3762d7,a6c18619a0e42c287782113dd3ae95bc,has_onboarded_ads,var_alias (catalog_item),catalog_item.has_onboarded_ads,False
9b7d265fd789f3fe0c8a4e6ef08e85ea,ef53e755bfc5c16ef7374293b9eebcaa,ads_activation_date,var_alias (catalog_item),catalog_item.ads_activation_date,False
ea2a84767b3fc1f238ab91c513539212,2f344101856ef7d084732b3d00c5d80a,location_name,var_alias (catalog_item),catalog_item.location_name,False
c1f8c2eb7aaa49ef666a389fc764c653,2f344101856ef7d084732b3d00c5d80a,location_city,var_alias (catalog_item),catalog_item.location_city,False
c1f8c2eb7aaa49ef666a389fc764c653,2f344101856ef7d084732b3d00c5d80a,location_city,var_alias (catalog_item),catalog_item.location_city,False
c1f8c2eb7aaa49ef666a389fc764c653,2f344101856ef7d084732b3d00c5d80a,location_city,var_alias (catalog_item),catalog_item.location_city,False
c1f8c2eb7aaa49ef666a389fc764c653,2f344101856ef7d084732b3d00c5d80a,location_city,var_alias (catalog_item),catalog_item.location_city,False
c1f8c2eb7aaa49ef666a389fc764c653,2f344101856ef7d084732b3d00c5d80a,location_city,var_alias (catalog_item),catalog_item.location_city,False
2a97a92c2f63957b0e8fd2aea2e415bf,74af2902f7c1609a6a31fb1bdb7e2da4,products_purchased,var_alias (catalog_item),catalog_item.products_purchased,False
0932c0d17b8abb318571eb2545cb38ba,91d951c4a7ef1c9949bed2f5b84579c8,has_onboarded_ads,var_alias (catalog_item),catalog_item.has_onboarded_ads,False
aec10d61d336d3497f7e1c2bc705ab70,186ea70a816bfc065ec7f02bbbf10c44,has_onboarded_ads,var_alias (catalog_item),catalog_item.has_onboarded_ads,False
a92c0b102c1bf6c117d973078dc598b3,b788469305b972156fea4f7c593e79b0,has_onboarded_ads,var_alias (catalog_item),catalog_item.has_onboarded_ads,False
1c65986f6f61fac55be161b95bc61e83,139ae295dd73916d0f41104ed60225c2,ads_activation_date,var_alias (catalog_item),catalog_item.ads_activation_date,False
7bc2bf3f964e3bb5ca9b798b149dc1c8,13d001c0d0fbbdc36c6125cbb689dcb0,has_onboarded_ads,var_alias (catalog_item),catalog_item.has_onboarded_ads,False
04226e00092783e819645c138b27cac6,9cb242d9ec1b4448a902d4b4f0b5e3e5,ads_activation_date,var_alias (catalog_item),catalog_item.ads_activation_date,False
fda197c2be429b3d97bbd90f94bed52e,62e9397df86701853187b198334ae4d8,ads_activation_date,var_alias (catalog_item),catalog_item.ads_activation_date,False
79f68b50c5a1e7a99ebecb3cf0afe012,b3fd1e559f54c5134e5fe58ca27b67b7,ads_activation_date,var_alias (catalog_item),catalog_item.ads_activation_date,False
